experiment,phase_rows,result_files,has_verdict,telemetry
001_balanced_groups,5,gate.json;phases.json,True,True
002a_return_link,3,analysis.json;gate.json;phases.json,True,True
002b_speculation,3,analysis.json;gate.json;phases.json,True,True
003_per_rank_ab,3,analysis.json;gate.json;phases.json,True,True
004_row_gemm_prewarm_batchadmit,4,analysis.json;gate.json;phases.json,True,True
005_short_steps,5,analysis.json;gate.json;phases.json,True,True
006_admit_while_waiting,3,analysis.json;gate.json;phases.json,True,True
007_fused_f16_all,5,analysis.json;gate.json;phases.json;quality.json,True,True
008a_six_fused_one_rank,2,analysis.json;gate.json;phases.json,True,True
008b_all_fused,5,analysis.json;gate.json;phases.json;quality.json,True,True
009_dense_igpu,4,analysis.json;gate.json;phases.json,True,True
010_after_seeding,4,phases.json,True,True
011_parallel_attention,3,analysis.json;gate.json;phases.json,True,True
011b_long_generation,1,phases.json,True,True
012_single_stream_anatomy,3,analysis.json;phases.json,True,True
013_acceptance_study,0,study.json,True,False
014_lan_latency_probe,0,,True,False
015_drafter_model,5,analysis.json;gate.json;phases.json,True,True
015c_ensemble,6,analysis.json;gate.json;phases.json,False,True
016_distill_data,0,,False,False
017_rollback,0,,False,False
018_all_to_all_network,0,results.json,True,False
019_baseline_15_streams,5,analysis.json;phases.json,False,True
020_gpu_idle_diagnostic,3,gate.json;phases.json,True,True
021_moe_decode_kernel,2,gate.json;phases.json,True,True
022_patched_decode_kernel,0,gate.json,True,False
023_split_bench,1,gate.json;high_id_check.json;phases.json;split_bench.json,True,True
024_prefill_windows,4,gate.json;phases.json,True,True
025_crash_evidence,0,,True,False
026_decode_kernel_group64,2,phases.json,True,True
027_rank0_dense_as_moe,3,phases.json,True,True
028_head_batching,3,phases.json,True,True
029_decode_kernels_exact,3,phases.json,True,True
030_clean_exact,0,,False,True
031_single_stream_check,7,phases.json;phases_before_swap.json,False,True
032_role_swap,2,phases.json,True,True
033_mtp_offline_study,0,,True,False
034_inflight10,8,analysis-baseline.json;analysis.json;gate-baseline.json;gate.json;phases-baseline.json;phases.json,True,True
035_chain_readiness,2,phases.json,True,True
036_telemetry_roles,0,,True,False
037_fleet_state_capture,4,phases-f16.json;phases.json;validation.json,True,True
038_phrase_transfer,12,gate.json;phases-baseline.json;phases.json,True,True
039_mtp_fleet_rescore,0,capture_matches.json;results.json,True,False
040_expert_usage,0,interruption.json,False,True
041_attention_int4,0,results.json,True,False
042_fleet_draft_training,0,,False,False
043_attention_int4_canary,0,,False,False
044_cpu_overlap,0,,False,False
045_expert_parallel_serving,0,,False,False
046_final_performance,35,capture-budget-event.json;collection-environment.json;competing-traffic-event.json;concurrency-limit.json;family-plan.json;measurements.json;owner-crash-hold.json;pause-history.json;paused.json;refinement.json;single-stream-comparison.json;stress-attempts.json;summary.json,False,True
