family,original_a1,quantized_a1
explain,0.6331236897274634,0.6205450733752621
code,0.7714884696016772,0.7463312368972747
arithmetic,0.7924528301886793,0.7484276729559748
story,0.5073375262054507,0.48218029350104824
lists,0.5744234800838575,0.5513626834381551
tables,0.6121593291404612,0.5786163522012578
rewriting,0.7463312368972747,0.7316561844863732
facts,0.660377358490566,0.6352201257861635
poem,0.5870020964360587,0.5660377358490566
how-to,0.70020964360587,0.6918238993710691
translation,0.7421383647798742,0.6981132075471698
true/false,0.689727463312369,0.6729559748427673
