experiment,source,phase,streams,tokens_req,tokens,completed,start,end,wall_s,aggregate_tok_s,recomputed_aggregate_tok_s,sum_stream_tok_s,ttft_mean_s,ttft_median_s,ttft_max_s,stream_tok_s_median,stream_tok_s_min,valid_completion,errors
001_balanced_groups,phases.json,single,1,48,48,1,1789890339.682841,1789890382.2816918,42.6,1.127,1.126790962214505,1.428,9.65,,9.65,,,True,[]
001_balanced_groups,phases.json,s11,11,48,519,11,1789890394.2857301,1789890489.453205,95.2,5.454,5.453543871802148,8.921,33.9,,47.81,,,True,[]
001_balanced_groups,phases.json,s16,16,48,759,16,1789890501.464148,1789890619.596745,118.1,6.425,6.424983615617039,9.609,33.74,,63.04,,,True,[]
001_balanced_groups,phases.json,s48,48,48,2277,48,1789890631.608335,1789890885.1758301,253.6,8.98,8.979857607668961,14.689,86.73,,149.04,,,True,[]
001_balanced_groups,phases.json,long1,1,8,8,1,1789890897.187778,1789890966.632663,69.4,0.115,0.11519926915014449,1.615,65.11,,65.11,,,True,[]
002a_return_link,phases.json,single,1,64,64,1,1789891506.687084,1789891557.7555149,51.1,1.253,1.2532204117374006,1.521,9.62,,9.62,,,True,[]
002a_return_link,phases.json,s11,11,64,679,11,1789891569.766517,1789891650.9001951,81.1,8.369,8.368904443653134,12.874,26.79,,34.62,,,True,[]
002a_return_link,phases.json,s48,48,64,2997,48,1789891662.902755,1789891930.371202,267.5,11.205,11.205060013438928,18.352,91.19,,144.89,,,True,[]
002b_speculation,phases.json,single,1,64,64,1,1789892361.5509582,1789892410.4701738,48.9,1.308,1.308279356311372,1.604,9.63,,9.63,,,True,[]
002b_speculation,phases.json,echo,1,96,96,1,1789892422.4755929,1789892486.8981252,64.4,1.49,1.4901618508740786,2.793,30.41,,30.41,,,True,[]
002b_speculation,phases.json,single2,1,64,64,1,1789892498.907351,1789892544.0349078,45.1,1.418,1.4182021925637567,1.772,9.58,,9.58,,,True,[]
003_per_rank_ab,phases.json,fresh1,1,64,64,1,1789896850.1558971,1789896892.416693,42.3,1.514,1.5144059344008654,1.761,6.48,,6.48,,,True,[]
003_per_rank_ab,phases.json,s48,48,64,2997,48,1789896904.432918,1789897101.7949,197.4,15.185,15.185295423275404,21.257,52.76,,66.66,,,True,[]
003_per_rank_ab,phases.json,s176,176,32,5632,176,1789897113.798541,1789897417.531039,303.7,18.543,18.542632212138912,27.959,93.88,,148.88,,,True,[]
004_row_gemm_prewarm_batchadmit,phases.json,single,1,64,64,1,1789893345.1185129,1789893373.273976,28.2,2.273,2.2730934846604915,2.815,5.77,,5.77,,,True,[]
004_row_gemm_prewarm_batchadmit,phases.json,s11,11,64,679,11,1789893385.28441,1789893468.299593,83.0,8.179,8.179226687115678,13.386,30.14,,41.68,,,True,[]
004_row_gemm_prewarm_batchadmit,phases.json,s48,48,64,2997,48,1789893480.3102689,1789893718.714019,238.4,12.571,12.571110973389212,20.674,79.63,,142.27,,,True,[]
004_row_gemm_prewarm_batchadmit,phases.json,s96,96,64,5994,96,1789893730.7188008,1789894162.06353,431.3,13.896,13.896077996186143,24.495,150.06,,287.62,,,True,[]
005_short_steps,phases.json,s48,48,64,2997,48,1789894612.9280808,1789894809.892469,197.0,15.216,15.215948570307258,25.574,73.35,,93.21,,,True,[]
005_short_steps,phases.json,fresh1,1,64,64,1,1789894821.893823,1789894861.003345,39.1,1.636,1.636430121272778,1.918,6.27,,6.27,,,True,[]
005_short_steps,phases.json,s176,176,48,8349,176,1789894873.0089269,1789895303.058336,430.0,19.414,19.414048298499065,29.566,132.42,,232.1,,,True,[]
005_short_steps,phases.json,fresh2,1,64,64,1,1789895315.062647,1789895354.906417,39.8,1.606,1.6062737120342294,1.87,6.15,,6.15,,,True,[]
005_short_steps,phases.json,echo,1,96,96,1,1789895366.913253,1789895410.296503,43.4,2.213,2.212835599089986,3.152,13.24,,13.24,,,True,[]
006_admit_while_waiting,phases.json,s48,48,64,2997,48,1789895831.7634869,1789895991.7434309,160.0,18.734,18.73359825762962,26.435,43.56,,55.02,,,True,[]
006_admit_while_waiting,phases.json,s264,264,32,8032,251,1789896003.755114,1789896393.306418,389.6,20.619,20.618593546830777,34.914,141.39,,232.09,,,False,"['<urlopen error [Errno 32] Broken pipe>', '[Errno 54] Connection reset by peer', '[Errno 54] Connection reset by peer', '[Errno 54] Connection reset by peer', '[Errno 54] Connection reset by peer']"
006_admit_while_waiting,phases.json,fresh1,1,64,64,1,1789896405.310037,1789896443.191374,37.9,1.689,1.6894862955821288,1.994,6.28,,6.28,,,True,[]
007_fused_f16_all,phases.json,fresh1,1,64,64,1,1789898039.803808,1789898070.18512,30.4,2.107,2.1065581276471375,2.585,6.01,,6.01,,,True,[]
007_fused_f16_all,phases.json,s48,48,64,2997,48,1789898082.193144,1789898211.45732,129.3,23.185,23.185077994902922,33.776,37.07,,49.34,,,True,[]
007_fused_f16_all,phases.json,s176,176,32,5632,176,1789898223.467884,1789898433.314358,209.8,26.839,26.838668739403666,44.624,77.49,,116.87,,,True,[]
007_fused_f16_all,phases.json,s264,264,32,8032,251,1789898445.326514,1789898721.0842502,275.8,29.127,29.12701601959135,45.663,87.44,,151.92,,,False,"['[Errno 54] Connection reset by peer', '[Errno 54] Connection reset by peer', '[Errno 54] Connection reset by peer', '[Errno 54] Connection reset by peer', '[Errno 54] Connection reset by peer']"
007_fused_f16_all,phases.json,fresh2,1,64,64,1,1789898733.097226,1789898759.5101671,26.4,2.423,2.4230546485971947,3.044,5.72,,5.72,,,True,[]
008a_six_fused_one_rank,phases.json,fresh1,1,64,64,1,1789899521.048243,1789899549.725665,28.7,2.232,2.2317208253888663,2.643,4.84,,4.84,,,True,[]
008a_six_fused_one_rank,phases.json,s176,176,32,5632,176,1789899561.736799,1789899768.491756,206.8,27.24,27.239975683248687,42.888,72.34,,104.59,,,True,[]
008b_all_fused,phases.json,fresh1,1,64,64,1,1789900170.5148191,1789900196.611231,26.1,2.452,2.452444425644448,2.995,5.06,,5.06,,,True,[]
008b_all_fused,phases.json,s48,48,64,2997,48,1789900208.6148381,1789900334.344141,125.7,23.837,23.836925293265864,38.303,43.06,,60.53,,,True,[]
008b_all_fused,phases.json,s176,176,32,5632,176,1789900346.3551822,1789900518.844911,172.5,32.651,32.651219495878195,55.609,66.83,,96.38,,,True,[]
008b_all_fused,phases.json,s352,352,24,6024,251,1789900530.855835,1789900730.736487,199.9,30.138,30.13798454830785,49.935,70.9,,119.82,,,False,"['[Errno 54] Connection reset by peer', '[Errno 54] Connection reset by peer', '[Errno 54] Connection reset by peer', '[Errno 54] Connection reset by peer', '[Errno 54] Connection reset by peer']"
008b_all_fused,phases.json,fresh2,1,64,64,1,1789900742.749273,1789900766.706531,24.0,2.671,2.6714242521918137,3.39,5.37,,5.37,,,True,[]
009_dense_igpu,phases.json,fresh1,1,64,64,1,1789901701.1879392,1789901726.978896,25.8,2.481,2.4814899523146328,3.085,5.37,,5.37,,,True,[]
009_dense_igpu,phases.json,s176,176,32,5632,176,1789901738.983959,1789901900.60613,161.6,34.847,34.84670430895654,57.917,60.48,,86.46,,,True,[]
009_dense_igpu,phases.json,s352,352,24,8448,352,1789901912.618526,1789902151.0067358,238.4,35.438,35.437994212826844,54.884,73.83,,136.31,,,True,[]
009_dense_igpu,phases.json,fresh2,1,64,64,1,1789902163.019787,1789902185.89764,22.9,2.797,2.797465314292378,3.588,5.32,,5.32,,,True,[]
010_after_seeding,phases.json,fresh1,1,64,64,1,1789902989.523231,1789903012.293972,22.8,2.811,2.810624390295999,3.542,4.98,,4.98,,,True,[]
010_after_seeding,phases.json,fresh2,1,64,64,1,1789903024.305461,1789903051.771563,27.5,2.33,2.330144980630494,2.806,5.01,,5.01,,,True,[]
010_after_seeding,phases.json,fresh3,1,64,64,1,1789903063.775323,1789903086.338183,22.6,2.837,2.8365198368383853,3.587,5.0,,5.0,,,True,[]
010_after_seeding,phases.json,fresh4,1,64,64,1,1789903098.343727,1789903123.438317,25.1,2.55,2.5503504990896384,3.121,4.91,,4.91,,,True,[]
011_parallel_attention,phases.json,s176,176,32,5632,176,1789903892.5492601,1789904044.666286,152.1,37.024,37.02412644769982,64.175,59.52,,84.9,,,True,[]
011_parallel_attention,phases.json,s264,264,32,8448,264,1789904056.6722188,1789904276.4470358,219.8,38.439,38.43934494272967,60.864,73.45,,117.34,,,True,[]
011_parallel_attention,phases.json,fresh1,1,64,64,1,1789904288.460117,1789904314.79295,26.3,2.43,2.430425942163177,3.011,5.41,,5.41,,,True,[]
011b_long_generation,phases.json,long176,176,128,21549,176,1789904341.3002508,1789904713.170721,371.9,57.948,57.94759660120592,70.235,50.52,,73.34,,,True,[]
012_single_stream_anatomy,phases.json,fresh1a,1,96,96,1,1789920176.157196,1789920245.566877,69.4,1.383,1.3830923703086446,2.786,35.3,,35.3,,,True,[]
012_single_stream_anatomy,phases.json,fresh1b,1,96,96,1,1789920257.574069,1789920294.478963,36.9,2.601,2.601281020475024,2.988,5.11,,5.11,,,True,[]
012_single_stream_anatomy,phases.json,fresh1c,1,96,96,1,1789920306.487481,1789920342.662383,36.2,2.654,2.6537736052498393,3.05,5.01,,5.01,,,True,[]
015_drafter_model,phases.json,fresh1a,1,96,96,1,1789925094.767544,1789925127.821753,33.1,2.904,2.904319991976884,3.39,5.03,,5.03,,,True,[]
015_drafter_model,phases.json,fresh1b,1,96,96,1,1789925139.833138,1789925172.114109,32.3,2.974,2.9738882343571724,3.482,5.0,,5.0,,,True,[]
015_drafter_model,phases.json,fresh1c,1,96,96,1,1789925184.118059,1789925215.1863658,31.1,3.09,3.089965611521652,3.7,5.39,,5.39,,,True,[]
015_drafter_model,phases.json,echo1,1,96,96,1,1789925227.189802,1789925254.768739,27.6,3.481,3.4809173324244838,5.776,11.13,,11.13,,,True,[]
015_drafter_model,phases.json,s176,176,32,5632,176,1789925266.77391,1789925426.3642392,159.6,35.29,35.290358941440786,65.474,67.31,,92.86,,,True,[]
015c_ensemble,phases.json,fam1_code,1,128,128,1,1789926890.6809442,1789926931.0105128,40.3,3.174,3.1738499658102444,3.667,5.68,,5.68,,,True,[]
015c_ensemble,phases.json,fam2_arith,1,128,128,1,1789926943.021638,1789926964.5748212,21.6,5.939,5.938797908239616,8.194,6.05,,6.05,,,True,[]
015c_ensemble,phases.json,fam6_rewrite,1,128,128,1,1789926976.584506,1789927004.1226408,27.5,4.648,4.648099839286855,5.853,5.84,,5.84,,,True,[]
015c_ensemble,phases.json,fam10_translate,1,128,128,1,1789927016.133965,1789927040.863465,24.7,5.176,5.176004355676382,6.597,5.48,,5.48,,,True,[]
015c_ensemble,phases.json,fam3_story,1,128,128,1,1789927052.869445,1789927095.654128,42.8,2.992,2.9917248664095166,3.378,5.19,,5.19,,,True,[]
015c_ensemble,phases.json,fam11_truefalse,1,128,128,1,1789927107.660393,1789927124.594811,16.9,7.559,7.558570969457341,10.951,5.34,,5.34,,,True,[]
019_baseline_15_streams,phases.json,mix15a,15,128,1920,15,1789935766.100967,1789935888.566303,122.5,15.678,15.677905776352258,22.544,36.67,31.52,45.09,1.409,1.279,True,[]
019_baseline_15_streams,phases.json,mix15b,15,128,1920,15,1789935900.5688891,1789936013.480004,112.9,17.005,17.004526092683612,23.383,29.97,31.23,36.81,1.572,1.284,True,[]
019_baseline_15_streams,phases.json,mix11,11,96,1056,11,1789936025.489253,1789936096.7327209,71.2,14.822,14.822411548653351,20.754,19.12,24.61,25.7,2.071,1.513,True,[]
019_baseline_15_streams,phases.json,mix22,22,96,2112,22,1789936108.738455,1789936198.471173,89.7,23.537,23.536565561457365,32.093,22.98,25.05,30.39,1.483,1.149,True,[]
019_baseline_15_streams,phases.json,mix33,33,96,3168,33,1789936210.4725618,1789936323.078557,112.6,28.133,28.133493203323447,37.658,27.87,29.56,34.48,1.155,0.942,True,[]
020_gpu_idle_diagnostic,phases.json,mix11a,11,96,1056,11,1789937797.6033149,1789937877.003201,79.4,13.3,13.299767184223898,19.234,22.31,15.4,34.25,1.503,1.331,True,[]
020_gpu_idle_diagnostic,phases.json,mix15a,15,128,1920,15,1789937889.0146492,1789937990.207971,101.2,18.974,18.973584058008523,23.107,17.83,16.78,22.41,1.52,1.339,True,[]
020_gpu_idle_diagnostic,phases.json,mix15b,15,128,1920,15,1789938002.218754,1789938109.746517,107.5,17.856,17.855853673498324,23.295,24.31,30.22,31.64,1.653,1.255,True,[]
021_moe_decode_kernel,phases.json,mix11a,11,96,0,0,1789939028.01748,1789939035.048726,7.0,0.0,0.0,0,0.0,0,0,0,0,False,"[""server error: {'message': 'send_stream_open: io error: Connection reset by peer (os error 104)', 'type': 'engine_error'}"", ""server error: {'message': 'send_stream_open_batch: not connected; call connect()/accept() first', 'type': 'engine_error'}"", ""server error: {'message': 'send_stream_open_batch: not connected; call connect()/accept() first', 'type': 'engine_error'}"", ""server error: {'message': 'send_stream_open_batch: not connected; call connect()/accept() first', 'type': 'engine_error'}"", ""server error: {'message': 'send_stream_open_batch: not connected; call connect()/accept() first', 'type': 'engine_error'}""]"
021_moe_decode_kernel,phases.json,mix15a,15,128,7,0,1789939047.056442,1789939185.182231,138.1,0.051,0.050678443572152634,0,0.0,0,0,0,0,False,"[""server error: {'message': 'downstream closed before StreamTokens', 'type': 'engine_error'}"", ""server error: {'message': 'downstream closed before StreamTokens', 'type': 'engine_error'}"", ""server error: {'message': 'downstream closed before StreamTokens', 'type': 'engine_error'}"", ""server error: {'message': 'downstream closed before StreamTokens', 'type': 'engine_error'}"", ""server error: {'message': 'downstream closed before StreamTokens', 'type': 'engine_error'}""]"
023_split_bench,phases.json,mix15a,15,128,1920,15,1789941712.3440268,1789941816.29746,104.0,18.47,18.469808446986914,23.554,21.82,24.2,27.45,1.609,1.307,True,[]
024_prefill_windows,phases.json,fresh1a,1,48,48,1,1789942359.1386209,1789942371.25633,12.1,3.961,3.9611447483024023,4.628,1.96,1.96,1.96,4.628,4.628,True,[]
024_prefill_windows,phases.json,fresh1b,1,48,48,1,1789942383.267617,1789942397.029127,13.8,3.488,3.4879893532836372,4.035,2.11,2.11,2.11,4.035,4.035,True,[]
024_prefill_windows,phases.json,stag15,15,96,1440,15,1789942409.039649,1789942480.510378,71.5,20.148,20.148108500957086,24.169,2.54,2.48,3.32,1.592,1.521,True,[]
024_prefill_windows,phases.json,mix15a,15,128,1920,15,1789942492.5170481,1789942577.772002,85.3,22.521,22.520685462161502,24.626,6.37,6.91,10.03,1.649,1.589,True,[]
026_decode_kernel_group64,phases.json,mix15a,15,128,1920,15,1789948452.691895,1789948538.442254,85.8,22.391,22.39057679855119,24.578,6.67,5.88,10.59,1.628,1.585,True,[]
026_decode_kernel_group64,phases.json,mix15b,15,128,1920,15,1789948550.446521,1789948636.280722,85.8,22.369,22.368705956177372,24.693,6.92,6.69,11.19,1.642,1.58,True,[]
027_rank0_dense_as_moe,phases.json,mix15a,15,128,1920,15,1789949726.797952,1789949811.11448,84.3,22.771,22.771336103108585,24.886,6.51,6.24,10.01,1.654,1.602,True,[]
027_rank0_dense_as_moe,phases.json,mix15b,15,128,1920,15,1789949823.119728,1789949907.738322,84.6,22.69,22.690048496446515,24.694,6.19,5.68,9.79,1.636,1.592,True,[]
027_rank0_dense_as_moe,phases.json,fresh1,1,64,64,1,1789949919.748555,1789949932.8403819,13.1,4.889,4.88854614500361,5.718,2.07,2.07,2.07,5.718,5.718,True,[]
028_head_batching,phases.json,mix15a,15,128,1920,15,1789952342.440301,1789952429.3186188,86.9,22.1,22.099875410707828,24.076,6.52,6.01,9.57,1.597,1.554,True,[]
028_head_batching,phases.json,mix15b,15,128,1920,15,1789952441.322861,1789952528.0646138,86.7,22.135,22.134669137180023,24.161,6.47,6.55,10.0,1.611,1.559,True,[]
028_head_batching,phases.json,fresh1,1,64,64,1,1789952540.076162,1789952558.603563,18.5,3.454,3.454343116017449,3.811,1.99,1.99,1.99,3.811,3.811,True,[]
029_decode_kernels_exact,phases.json,mix15a,15,128,1920,15,1789953717.940158,1789953803.817569,85.9,22.357,22.3574508686409,24.771,7.56,7.57,11.47,1.65,1.591,True,[]
029_decode_kernels_exact,phases.json,mix15b,15,128,1920,15,1789953815.82203,1789953900.70268,84.9,22.62,22.61999641869274,24.722,6.35,6.59,10.35,1.65,1.594,True,[]
029_decode_kernels_exact,phases.json,fresh1,1,64,64,1,1789953912.714195,1789953929.216799,16.5,3.878,3.8781758303148286,4.37,2.08,2.08,2.08,4.37,4.37,True,[]
031_single_stream_check,phases.json,fam0explain,1,128,128,1,1789963347.134036,1789963380.578376,33.4,3.827,3.827254478214118,4.041,2.01,2.01,2.01,4.041,4.041,True,[]
031_single_stream_check,phases.json,fam3story,1,128,128,1,1789963392.589953,1789963433.703212,41.1,3.113,3.1133508477167275,3.249,2.02,2.02,2.02,3.249,3.249,True,[]
031_single_stream_check,phases.json,fam1code,1,128,128,1,1789963445.705361,1789963472.5816891,26.9,4.763,4.762555320245706,5.121,2.07,2.07,2.07,5.121,5.121,True,[]
031_single_stream_check,phases.json,fam2arith,1,128,128,1,1789963484.584851,1789963500.5176902,15.9,8.034,8.033721972160096,9.286,2.26,2.26,2.26,9.286,9.286,True,[]
031_single_stream_check,phases.json,fam6rewrite,1,128,128,1,1789963512.5217102,1789963537.190269,24.7,5.189,5.188791159266682,5.638,2.14,2.14,2.14,5.638,5.638,True,[]
031_single_stream_check,phases.json,fam11truefalse,1,128,128,1,1789963549.197931,1789963580.579353,31.4,4.079,4.078846389600668,4.338,2.11,2.11,2.11,4.338,4.338,True,[]
031_single_stream_check,phases_before_swap.json,mix15a,15,128,1920,15,1789955657.006281,1789955741.337683,84.3,22.767,22.767319800484767,24.832,6.37,6.04,9.7,1.649,1.602,True,[]
032_role_swap,phases.json,mix15a,15,128,1920,15,1789962990.12715,1789963079.7285068,89.6,21.428,21.428246956898345,23.638,7.75,7.22,11.35,1.566,1.525,True,[]
032_role_swap,phases.json,mix15b,15,128,1920,15,1789963091.7344892,1789963177.509274,85.8,22.384,22.384200722869156,24.634,7.14,6.39,10.73,1.628,1.587,True,[]
034_inflight10,phases-baseline.json,fam0x,1,96,96,1,1789966664.262178,1789966687.1358771,22.9,4.197,4.196959976171588,4.596,2.17,2.17,2.17,4.596,4.596,True,[]
034_inflight10,phases-baseline.json,mix15a,15,128,1920,15,1789966699.143944,1789966783.808969,84.7,22.678,22.677605068860004,24.58,5.9,5.45,9.41,1.63,1.583,True,[]
034_inflight10,phases-baseline.json,mix15b,15,128,1920,15,1789966795.819333,1789966880.250838,84.4,22.74,22.74032662096704,24.679,5.96,5.56,9.54,1.638,1.594,True,[]
034_inflight10,phases-baseline.json,mix176,176,64,11264,176,1789966892.259829,1789967184.22986,292.0,38.579,38.57930199388064,67.974,87.38,79.89,182.67,0.344,0.32,True,[]
034_inflight10,phases.json,fam0x,1,96,96,1,1789967795.899787,1789967814.5272808,18.6,5.154,5.153672347449561,5.786,2.19,2.19,2.19,5.786,5.786,True,[]
034_inflight10,phases.json,mix15a,15,128,1920,15,1789967826.538578,1789967911.730994,85.2,22.537,22.537217409897202,24.596,6.24,6.41,9.98,1.639,1.584,True,[]
034_inflight10,phases.json,mix15b,15,128,1920,15,1789967923.7340438,1789968008.841119,85.1,22.56,22.55981650366308,24.444,5.9,5.34,9.51,1.618,1.577,True,[]
034_inflight10,phases.json,mix176,176,64,11264,176,1789968020.845651,1789968325.645786,304.8,36.955,36.95536419295543,64.846,87.25,82.3,194.28,0.336,0.321,True,[]
035_chain_readiness,phases.json,mix15a,15,128,1920,15,1789969083.3018491,1789969170.0581372,86.8,22.131,22.130960684462742,24.212,6.61,6.62,10.5,1.613,1.555,True,[]
035_chain_readiness,phases.json,mix15b,15,128,1920,15,1789969182.0695732,1789969266.858044,84.8,22.645,22.644588151287778,24.631,6.1,6.27,9.55,1.645,1.587,True,[]
037_fleet_state_capture,phases-f16.json,mix15a,15,128,1920,15,1789969975.180832,1789970061.6265652,86.4,22.21,22.210465762857066,24.279,6.54,6.59,10.49,1.617,1.56,True,[]
037_fleet_state_capture,phases-f16.json,mix15b,15,128,1920,15,1789970073.632836,1789970158.9799721,85.3,22.496,22.4963612081279,24.422,6.09,5.57,9.61,1.618,1.577,True,[]
037_fleet_state_capture,phases.json,mix15a,15,128,1920,15,1789971177.06126,1789971263.074399,86.0,22.322,22.32217103236381,24.427,6.6,6.4,10.5,1.623,1.57,True,[]
037_fleet_state_capture,phases.json,mix15b,15,128,1920,15,1789971275.086099,1789971360.2875662,85.2,22.535,22.534823183137952,24.485,6.11,5.77,9.46,1.626,1.581,True,[]
038_phrase_transfer,phases-baseline.json,fam0explain,1,128,128,1,1789970314.373546,1789970347.328633,33.0,3.884,3.884074081849985,4.116,2.09,2.09,2.09,4.116,4.116,True,[]
038_phrase_transfer,phases-baseline.json,fam3story,1,128,128,1,1789970359.339958,1789970391.202655,31.9,4.017,4.017236817709735,4.26,2.05,2.05,2.05,4.26,4.26,True,[]
038_phrase_transfer,phases-baseline.json,fam1code,1,128,128,1,1789970403.209318,1789970429.586432,26.4,4.853,4.85269160685175,5.225,2.07,2.07,2.07,5.225,5.225,True,[]
038_phrase_transfer,phases-baseline.json,fam2arith,1,128,128,1,1789970441.595862,1789970456.754993,15.2,8.444,8.44375575202065,9.865,2.28,2.28,2.28,9.865,9.865,True,[]
038_phrase_transfer,phases-baseline.json,fam6rewrite,1,128,128,1,1789970468.760263,1789970492.5406542,23.8,5.383,5.382585964876047,5.869,2.14,2.14,2.14,5.869,5.869,True,[]
038_phrase_transfer,phases-baseline.json,fam11truefalse,1,128,128,1,1789970504.55158,1789970532.573568,28.0,4.568,4.567841485730057,4.909,2.15,2.15,2.15,4.909,4.909,True,[]
038_phrase_transfer,phases.json,fam0explain,1,128,128,1,1789972472.479819,1789972490.965368,18.5,6.924,6.92432776469764,7.73,2.04,2.04,2.04,7.73,7.73,True,[]
038_phrase_transfer,phases.json,fam3story,1,128,128,1,1789972502.9723158,1789972522.614929,19.6,6.516,6.516444572609076,7.219,2.05,2.05,2.05,7.219,7.219,True,[]
038_phrase_transfer,phases.json,fam1code,1,128,128,1,1789972534.619311,1789972548.6541948,14.0,9.12,9.120132549257287,10.6,2.05,2.05,2.05,10.6,10.6,True,[]
038_phrase_transfer,phases.json,fam2arith,1,128,128,1,1789972560.661251,1789972575.671173,15.0,8.528,8.527692533294907,10.024,2.34,2.34,2.34,10.024,10.024,True,[]
038_phrase_transfer,phases.json,fam6rewrite,1,128,128,1,1789972587.676141,1789972605.2520058,17.6,7.283,7.282714194479216,8.234,2.15,2.15,2.15,8.234,8.234,True,[]
038_phrase_transfer,phases.json,fam11truefalse,1,128,128,1,1789972617.257369,1789972631.191898,13.9,9.186,9.185814561292165,10.767,2.14,2.14,2.14,10.767,10.767,True,[]
