start_s,end_s,interval_s,tokens,rate,inflight_start,inflight_end
7.128715515136719e-05,10.049832344055176,10.049761056900024,6,0.5970291199988764,33,176
10.049832344055176,20.09068012237549,10.040847778320312,3,0.2987795519096951,176,176
20.09068012237549,30.128965139389038,10.03828501701355,23,2.2912280295905205,176,176
30.128965139389038,40.17606830596924,10.0471031665802,24,2.38874823937625,176,176
40.17606830596924,50.22232508659363,10.04625678062439,69,6.868229780178041,176,176
50.22232508659363,60.25695729255676,10.034632205963135,104,10.364106811826888,176,176
60.25695729255676,70.28252911567688,10.025571823120117,228,22.741844956335147,176,176
70.28252911567688,80.31861519813538,10.036086082458496,718,71.54183354952997,176,176
80.31861519813538,90.36362910270691,10.045013904571533,736,73.27018230059821,176,176
90.36362910270691,100.40726137161255,10.04363226890564,800,79.65245825225423,176,176
100.40726137161255,110.43769526481628,10.030433893203735,800,79.75726758361385,176,176
110.43769526481628,120.47908020019531,10.041384935379028,784,78.0768793393943,176,176
120.47908020019531,130.52492809295654,10.04584789276123,736,73.2640995420946,176,176
130.52492809295654,140.55480122566223,10.029873132705688,720,71.7855540617163,176,176
140.55480122566223,150.58471512794495,10.029913902282715,700,69.79122720492013,176,174
150.58471512794495,160.6353302001953,10.050615072250366,710,70.64244276554794,174,165
160.6353302001953,170.6810212135315,10.045691013336182,705,70.17934346816715,165,165
170.6810212135315,180.72571325302124,10.044692039489746,691,68.79255205469711,165,165
180.72571325302124,190.76127934455872,10.035566091537476,706,70.34979328125165,165,165
190.76127934455872,200.80393719673157,10.042657852172852,688,68.50776060753108,165,165
200.80393719673157,210.84303617477417,10.039098978042603,689,68.63165723407774,165,165
210.84303617477417,220.88851022720337,10.0454740524292,676,67.29398697083185,165,165
220.88851022720337,230.9327564239502,10.044246196746826,706,70.28899791690314,165,165
230.9327564239502,240.98334908485413,10.05059266090393,676,67.25971520362083,165,165
240.98334908485413,251.03007626533508,10.046727180480957,690,68.67908201394678,165,165
251.03007626533508,261.06739926338196,10.037322998046875,688,68.54417259800002,165,165
261.06739926338196,271.1173572540283,10.049957990646362,689,68.55750050311275,165,165
271.1173572540283,281.16656517982483,10.049207925796509,676,67.26898328620459,165,165
281.16656517982483,291.2099640369415,10.0433988571167,690,68.7018418581544,165,165
291.2099640369415,301.2419192790985,10.031955242156982,676,67.38467065316097,165,165
301.2419192790985,311.26853132247925,10.026612043380737,691,68.91659884817993,165,165
311.26853132247925,321.307106256485,10.038574934005737,689,68.6352400145969,165,165
321.307106256485,331.34923028945923,10.042124032974243,689,68.61098286952091,165,165
331.34923028945923,341.39980006217957,10.050569772720337,690,68.65282422821699,165,165
341.39980006217957,351.4345772266388,10.034777164459229,690,68.7608691943668,165,165
351.4345772266388,361.47322130203247,10.038644075393677,641,63.85324503846028,165,161
361.47322130203247,371.51933121681213,10.046109914779663,652,64.9007432260709,161,0
371.51933121681213,381.5633602142334,10.044028997421265,0,0.0,0,0
