family,prompt_index,output_tokens,first_decode_tok_s,repeat_decode_tok_s,ratio,gain_pct,identical_output
explanation,0,128,5.086205594183845,14.698022611115322,2.88978145671554,188.97814567155402,True
code,0,128,7.06599364112236,8.050278866681936,1.1392989118800327,13.929891188003275,True
arithmetic,0,128,8.87701996069009,10.064910621955086,1.1338163783032262,13.381637830322624,True
story,0,128,5.307229002451595,10.955153837516026,2.064194673426652,106.41946734266519,True
tips,0,128,3.554645867918747,11.656693442788079,3.279284034449569,227.9284034449569,True
table,0,128,3.7604408297101113,8.656464222669573,2.301981234295047,130.1981234295047,True
rewrite,0,128,7.364891757191849,9.582399817834663,1.30109173817489,30.10917381748901,True
facts,0,128,6.11646480872296,10.123354086898834,1.6550988853007822,65.50988853007821,True
poem,0,128,5.127445901265389,11.686606431452432,2.2792256917948808,127.92256917948808,True
instructions,0,128,4.6193544448344905,9.655182959251217,2.0901585004043044,109.01585004043044,True
translation,0,128,7.999795873849378,9.233247766182199,1.1541854207011537,15.418542070115372,True
true_false,0,128,10.9211510344857,11.52774242633342,1.0555428077070161,5.554280770701614,True
