phase,family,concurrency,requests,tokens,output_cap,shared_decode_tokens,shared_decode_s,decode_tok_s,phase_tok_s,mean_decode_per_stream,ttft_median_s,ttft_p95_s,unique_prompts,capture_writes,capacity_retries,sampled_server_counter_status
pilot_single,explanation,1,1,32,32,31,3.6405558586120605,8.515183176400583,5.486979873783427,8.515183176400583,2.1898341178894043,2.1898341178894043,1,pilot,0,matched
pilot_four,mixed,4,12,384,32,339,36.24644899368286,9.352640311305583,7.542341563377459,2.338160077826396,3.2344164848327637,3.8689683079719543,12,pilot,0,matched
mixed_a_c001,mixed,1,12,1536,128,1524,268.45316672325134,5.676967862223407,5.19460681227384,5.676967862223407,2.181649923324585,2.6474583029747008,12,pilot,0,matched
mixed_a_c002,mixed,2,12,1536,128,1506,330.85999608039856,4.551774218222635,4.4037848068334275,2.2758871091113173,2.0561941862106323,2.9425768494606017,12,pilot,0,matched
mixed_a_c004,mixed,4,12,1536,128,1499,163.2700960636139,9.18110564114542,8.690439689227457,2.295276410286355,3.31041419506073,3.735021340847015,12,pilot,0,matched
mixed_a_c006,mixed,6,12,1536,128,1484,106.45433735847473,13.940249282683268,12.830009411214645,2.3233748804472114,3.438386917114258,5.50604876279831,12,pilot,0,matched
mixed_a_c008,mixed,8,16,2048,128,1970,105.78334879875183,18.622968759930625,16.863883416412346,2.327871094991328,4.548524498939514,6.284126043319702,16,pilot,0,matched
mixed_a_c011,mixed,11,22,2816,128,2697,114.39295315742493,23.576627104717293,21.14690015683962,2.1433297367924813,5.467356085777283,7.640974175930023,21,pilot,0,matched
mixed_a_c015,mixed,15,15,1920,128,1823,74.00486588478088,24.633515353412733,22.225964368288015,1.6422343568941822,6.002434015274048,9.518523621559144,15,pilot,0,matched
mixed_a_c022,mixed,22,22,2816,128,2620,75.93803596496582,34.50181410023223,29.888472828169483,1.5682642772832833,9.540101289749146,13.507635521888734,21,pilot,0,matched
mixed_a_c032,mixed,32,32,4096,128,3686,95.78064799308777,38.48376553336754,32.681766409583744,1.2026176729177356,12.387949347496033,20.81375436782837,31,pilot,0,matched
mixed_a_c048,mixed,48,48,6144,128,5310,115.4208710193634,46.00554434482803,38.23694785200596,0.9584488405172507,18.723551630973816,31.240529215335847,44,pilot,0,matched
mixed_a_c064,mixed,64,64,8192,128,6668,124.0699610710144,53.74387113882796,42.29596633062803,0.8397479865441869,25.214866876602173,47.4880935549736,60,pilot,0,matched
mixed_a_c096,mixed,96,96,12288,128,9049,194.9049768447876,46.427752366765695,39.08711494456347,0.48362242048714266,38.751909613609314,73.96865719556808,86,pilot,0,matched
mixed_a_c128,mixed,128,128,16384,128,10804,214.52499198913574,50.362430502023514,41.7899791764701,0.3934564882970587,56.421632528305054,108.72714453935623,109,pilot,0,matched
mixed_a_c176,mixed,176,176,22528,128,11805,203.75198316574097,57.9380863763043,45.36784953674478,0.32919367259263804,77.46212041378021,164.8680720925331,141,pilot,0,matched
mixed_b_c176,mixed,176,176,22528,128,11988,208.5112648010254,57.49329664006262,45.117251792983694,0.32666645818217394,76.35027575492859,164.74750119447708,141,pilot,12,matched
mixed_b_c128,mixed,128,128,16384,128,10814,216.9848120212555,49.837589549542656,41.431046436706936,0.389356168355802,53.0953311920166,106.9460683107376,109,pilot,16,no_idle_bracket
mixed_a_c088,mixed,88,88,11264,128,8538,145.0539300441742,58.86086641981964,46.026388446069404,0.6688734820434049,36.231541991233826,64.18143498897551,79,pilot,0,matched
mixed_b_c096,mixed,96,96,12288,128,9150,193.58796787261963,47.265334207241,40.48905318970052,0.49234723132542707,39.08161199092865,71.21296834945679,86,pilot,16,matched
mixed_b_c088,mixed,88,88,11264,128,8550,138.5470588207245,61.71188383770333,47.72336439607759,0.7012714072466287,34.46257948875427,64.69514803886413,79,pilot,0,matched
mixed_b_c064,mixed,64,64,8192,128,6736,126.01307201385498,53.45477173399427,42.531765613388934,0.8352308083436605,24.909766912460327,44.38025784492493,60,pilot,0,matched
mixed_b_c048,mixed,48,48,6144,128,5263,117.83538699150085,44.664002337257195,37.12359052397823,0.9305000486928582,19.035596013069153,31.840880870819092,44,pilot,0,matched
mixed_b_c032,mixed,32,32,4096,128,3684,96.58482098579407,38.14263941682774,32.27383618477039,1.191957481775867,13.436011552810669,22.04930946826935,31,pilot,0,matched
mixed_b_c022,mixed,22,22,2816,128,2619,78.80116510391235,33.23554920217761,28.62714115195412,1.510706781917164,10.39552652835846,14.659889018535614,21,pilot,0,matched
mixed_b_c015,mixed,15,15,1920,128,1823,74.18102693557739,24.57501702670127,22.00779532738382,1.6383344684467513,7.464156866073608,10.15668830871582,15,pilot,0,matched
mixed_b_c011,mixed,11,22,2816,128,2697,117.3542947769165,22.981689806298405,20.58270667732155,2.0892445278453096,5.50752592086792,7.257787442207336,21,pilot,0,matched
mixed_b_c008,mixed,8,16,2048,128,1978,106.51915955543518,18.569429276904877,16.853565515575006,2.3211786596131097,4.590117573738098,6.194244027137756,16,pilot,0,matched
mixed_b_c006,mixed,6,12,1536,128,1484,107.26371312141418,13.83506086835002,12.776968649762628,2.305843478058337,4.365742921829224,5.385994279384613,12,pilot,0,matched
mixed_b_c004,mixed,4,12,1536,128,1491,163.20951747894287,9.13549664891551,8.598358036505088,2.2838741622288774,3.2876170873641968,4.354680359363556,12,pilot,0,matched
mixed_b_c002,mixed,2,12,1536,128,1506,333.59723114967346,4.514425958542534,4.342094516997388,2.257212979271267,2.0855724811553955,3.069505536556244,12,pilot,0,matched
mixed_b_c001,mixed,1,12,1536,128,1524,148.78437995910645,10.243010727462607,8.765184248371728,10.243010727462607,2.181204080581665,2.3638869047164914,12,pilot,0,matched
family_00_a_c001,explanation,1,3,384,128,381,37.10127091407776,10.269189993042335,8.82655383439543,10.269189993042335,2.126771926879883,2.147006940841675,3,pilot,0,matched
family_00_a_c015,explanation,15,15,1920,128,1838,74.04977297782898,24.8211429432783,22.585951775293516,1.65474286288522,6.056497812271118,8.578823280334472,11,pilot,0,matched
family_00_a_c064,explanation,64,64,8192,128,6926,124.85255599021912,55.47343380413116,45.091009195716005,0.8667724031895494,22.997423887252808,38.66687521934509,28,pilot,0,matched
